-- phpMyAdmin SQL Dump
-- version 4.7.4
-- https://www.phpmyadmin.net/
--
-- Host: 127.0.0.1:3306
-- Generation Time: Sep 07, 2019 at 03:04 AM
-- Server version: 5.7.19
-- PHP Version: 7.1.15

SET SQL_MODE = "NO_AUTO_VALUE_ON_ZERO";
SET AUTOCOMMIT = 0;
START TRANSACTION;
SET time_zone = "+00:00";


/*!40101 SET @OLD_CHARACTER_SET_CLIENT=@@CHARACTER_SET_CLIENT */;
/*!40101 SET @OLD_CHARACTER_SET_RESULTS=@@CHARACTER_SET_RESULTS */;
/*!40101 SET @OLD_COLLATION_CONNECTION=@@COLLATION_CONNECTION */;
/*!40101 SET NAMES utf8mb4 */;

--
-- Database: `symfy`
--

-- --------------------------------------------------------

--
-- Table structure for table `groups`
--

DROP TABLE IF EXISTS `groups`;
CREATE TABLE IF NOT EXISTS `groups` (
  `id` int(11) NOT NULL AUTO_INCREMENT,
  `name` varchar(255) COLLATE utf8mb4_unicode_ci NOT NULL,
  PRIMARY KEY (`id`)
) ENGINE=InnoDB AUTO_INCREMENT=6 DEFAULT CHARSET=utf8mb4 COLLATE=utf8mb4_unicode_ci;

--
-- Dumping data for table `groups`
--

INSERT INTO `groups` (`id`, `name`) VALUES
(1, 'Munich Group'),
(2, 'Berlin G force'),
(4, 'Salzberg team');

-- --------------------------------------------------------

--
-- Table structure for table `migration_versions`
--

DROP TABLE IF EXISTS `migration_versions`;
CREATE TABLE IF NOT EXISTS `migration_versions` (
  `version` varchar(14) COLLATE utf8mb4_unicode_ci NOT NULL,
  `executed_at` datetime NOT NULL COMMENT '(DC2Type:datetime_immutable)',
  PRIMARY KEY (`version`)
) ENGINE=InnoDB DEFAULT CHARSET=utf8mb4 COLLATE=utf8mb4_unicode_ci;

--
-- Dumping data for table `migration_versions`
--

INSERT INTO `migration_versions` (`version`, `executed_at`) VALUES
('20190904183146', '2019-09-04 18:31:59');

-- --------------------------------------------------------

--
-- Table structure for table `user`
--

DROP TABLE IF EXISTS `user`;
CREATE TABLE IF NOT EXISTS `user` (
  `id` int(11) NOT NULL AUTO_INCREMENT,
  `name` varchar(255) COLLATE utf8mb4_unicode_ci NOT NULL,
  PRIMARY KEY (`id`)
) ENGINE=InnoDB AUTO_INCREMENT=5 DEFAULT CHARSET=utf8mb4 COLLATE=utf8mb4_unicode_ci;

--
-- Dumping data for table `user`
--

INSERT INTO `user` (`id`, `name`) VALUES
(1, 'Berlin boy'),
(2, 'Ram'),
(3, 'Frank'),
(4, 'Munich man');

-- --------------------------------------------------------

--
-- Table structure for table `users_groups`
--

DROP TABLE IF EXISTS `users_groups`;
CREATE TABLE IF NOT EXISTS `users_groups` (
  `user_id` int(11) NOT NULL,
  `group_id` int(11) NOT NULL,
  PRIMARY KEY (`user_id`,`group_id`),
  KEY `IDX_FF8AB7E0A76ED395` (`user_id`),
  KEY `FK_FF8AB7E0FE54D947` (`group_id`)
) ENGINE=InnoDB DEFAULT CHARSET=utf8mb4 COLLATE=utf8mb4_unicode_ci;

--
-- Dumping data for table `users_groups`
--

INSERT INTO `users_groups` (`user_id`, `group_id`) VALUES
(1, 2),
(2, 1),
(2, 2),
(3, 4),
(4, 1),
(4, 4);

--
-- Constraints for dumped tables
--

--
-- Constraints for table `users_groups`
--
ALTER TABLE `users_groups`
  ADD CONSTRAINT `FK_FF8AB7E0A76ED395` FOREIGN KEY (`user_id`) REFERENCES `user` (`id`) ON DELETE CASCADE,
  ADD CONSTRAINT `FK_FF8AB7E0FE54D947` FOREIGN KEY (`group_id`) REFERENCES `groups` (`id`) ON DELETE CASCADE;
COMMIT;

/*!40101 SET CHARACTER_SET_CLIENT=@OLD_CHARACTER_SET_CLIENT */;
/*!40101 SET CHARACTER_SET_RESULTS=@OLD_CHARACTER_SET_RESULTS */;
/*!40101 SET COLLATION_CONNECTION=@OLD_COLLATION_CONNECTION */;
